SHOP_SEQ,PARK_NUM,Valid,Online
2,6,0,0
12,0,1,1
17,3,1,1
20,6,1,1
21,5,1,1
31,5,1,1
32,3,1,1
45,3,1,1
46,2,1,1
51,3,1,1
62,4,1,0
65,5,1,1
68,0,1,1
70,3,1,0
75,2,1,1
76,2,1,1
92,5,1,1
95,5,1,1
100,2,1,1
104,3,1,0
105,3,1,1
110,6,1,0
111,2,1,1
113,3,1,1
115,2,1,0
116,2,1,1
129,2,1,1
133,2,1,1
139,2,1,1
140,2,1,1
142,4,1,1
149,2,1,0
156,2,1,0
159,5,1,1
160,3,1,1
161,2,1,1
162,4,1,0
167,3,1,1
168,6,1,0
170,6,1,1
173,2,1,0
178,4,1,0
179,2,1,1
181,10,1,1
183,6,1,1
186,4,1,1
193,4,1,1
202,3,1,1
204,12,1,0
207,4,1,1
209,10,1,1
210,4,1,0
213,2,1,1
214,3,1,0
216,6,1,0
253,4,1,1
254,3,1,0
255,6,1,1
256,3,1,0
257,2,1,1
283,12,1,1
290,1,1,0
291,1,1,1
293,6,1,1
296,3,1,1
305,5,1,1
306,3,1,1
308,4,1,1
309,4,1,1
318,4,1,1
321,6,1,1
322,3,1,0
329,2,1,0
334,5,1,1
335,6,1,1
336,6,1,1
337,4,0,0
345,2,1,0
354,2,1,0
358,3,1,1
364,5,1,1
368,3,1,1
372,5,1,0
375,4,1,1
392,3,1,1
393,3,1,1
397,3,1,0
398,3,1,1
402,3,1,1
414,3,1,1
415,6,1,0
416,4,1,0
417,2,1,0
418,2,1,0
422,4,1,0
433,5,1,1
436,4,1,0
438,3,1,0
444,3,1,1
456,5,1,1
457,10,1,1
458,5,1,1
459,5,1,0
474,3,1,0
476,6,1,1
479,2,1,1
484,12,1,1
485,2,1,0
496,42,1,0
497,1,1,1
499,4,0,0
500,2,0,0
502,4,1,1
503,3,1,1
506,2,0,0
510,12,1,1
511,7,1,1
513,8,1,1
514,6,1,1
517,15,1,1
521,3,1,1
522,2,1,1
528,8,1,1
529,4,1,1
536,3,1,1
542,12,1,1
543,6,1,1
549,3,1,1
550,5,1,0
552,4,1,1
553,8,1,1
554,6,1,1
559,4,1,0
567,1,1,1
568,5,1,1
572,2,1,1
579,6,1,1
588,5,1,1
592,2,1,0
601,3,1,1
608,3,1,1
610,5,1,1
613,6,1,1
615,8,1,1
616,8,1,0
617,5,1,0
618,3,1,0
621,8,1,1
625,4,1,1
626,4,1,1
632,2,1,1
641,5,1,1
643,4,1,1
660,3,1,1
664,4,1,0
667,3,1,1
668,7,1,1
670,10,1,1
673,3,1,0
677,3,1,1
678,5,1,1
679,6,1,1
681,12,1,1
689,3,1,1
691,5,1,1
692,3,1,1
695,5,1,0
696,4,1,1
703,5,1,1
705,2,1,0
706,3,1,1
707,2,1,1
713,10,1,1
715,3,1,1
718,3,1,0
719,6,1,1
722,6,1,1
726,2,1,1
727,4,1,1
730,3,1,1
736,3,1,1
741,9,1,0
743,4,1,1
744,4,1,1
745,3,1,1
791,2,1,1
793,10,1,0
794,6,1,1
797,2,1,1
798,3,1,1
799,4,1,1
802,3,1,1
803,8,1,1
804,4,1,0
805,4,1,1
806,10,1,1
807,4,1,1
809,6,1,1
810,5,1,1
811,6,1,1
814,3,1,1
815,4,1,0
816,6,1,1
817,6,1,0
818,9,1,1
820,6,1,0
821,4,1,0
825,2,1,1
842,4,1,1
843,7,1,1
845,1,1,1
846,9,1,1
847,4,1,0
849,26,1,1
851,4,1,1
855,3,1,1
857,4,1,0
858,6,1,0
859,4,0,0
860,4,1,1
866,3,1,1
868,5,1,1
870,4,1,1
872,3,1,1
876,4,1,1
877,3,1,1
878,4,1,1
880,7,1,1
881,2,1,1
882,2,1,0
883,3,1,1
891,3,1,0
892,4,1,0
893,4,1,1
894,3,1,1
895,5,1,1
901,5,1,1
904,5,1,0
905,4,0,0
906,4,1,0
909,3,1,0
913,4,1,1
916,6,1,1
917,3,1,1
918,4,1,1
919,7,1,1
921,6,1,1
925,4,1,1
926,4,1,1
927,8,1,0
932,5,1,1
933,3,1,1
947,2,1,1
949,3,1,1
952,15,1,0
953,3,1,1
956,3,1,1
957,8,1,1
958,3,1,1
959,5,1,1
961,5,1,1
962,3,1,0
963,5,1,1
964,3,1,1
968,3,1,0
969,3,1,1
970,4,1,1
971,5,1,1
972,6,1,1
973,5,1,1
974,2,1,1
981,2,1,1
982,6,1,1
986,3,1,1
987,2,1,1
991,4,1,0
995,3,1,1
996,3,1,1
997,4,1,0
998,4,1,1
999,3,1,0
1003,5,1,1
1004,4,1,1
1005,5,1,1
1008,8,1,0
1009,3,1,1
1010,3,1,1
1015,3,1,1
1016,3,1,1
1017,6,1,1
1018,32,1,1
1019,3,1,1
1020,5,1,0
1022,3,1,1
1023,3,1,0
1024,3,1,1
1025,28,1,1
1026,3,1,0
1033,3,1,1
1038,3,1,1
1045,5,1,1
1046,6,1,0
1050,3,1,0
1051,4,1,1
1055,3,1,1
1071,3,1,1
1072,2,1,1
1075,5,1,1
1076,6,1,1
1078,4,1,0
1079,6,1,1
1083,3,1,0
1090,6,1,1
1091,13,1,1
1092,2,1,1
1094,6,1,1
1097,3,1,1
1098,3,1,1
1099,3,1,1
1100,5,1,1
1101,2,1,1
1106,2,1,1
1112,8,1,1
1125,5,1,0
1130,6,1,1
1133,6,1,1
1134,3,1,1
1135,3,1,0
1136,6,1,1
1144,8,1,1
1146,4,1,0
1147,4,1,0
1148,6,1,1
1149,6,1,1
1150,3,1,1
1153,5,1,1
1154,3,1,1
1159,4,1,1
1165,3,1,1
1166,5,1,1
1169,3,1,1
1170,3,1,1
1171,5,1,1
1172,3,1,0
1175,3,1,1
1178,6,1,1
1179,3,1,1
1184,5,1,1
1191,3,1,1
1192,3,1,1
1196,3,1,0
1198,3,1,1
1200,8,1,1
1203,4,1,1
1204,3,1,1
1205,3,1,0
1206,6,1,0
1207,3,1,1
1208,5,1,1
1209,6,1,1
1211,3,1,1
1213,5,1,0
1215,7,1,0
1217,5,1,1
1219,5,1,0
1223,10,1,1
1224,3,1,0
1225,6,1,1
1228,6,1,1
1232,4,1,1
1243,7,1,1
1244,4,1,1
1248,19,1,1
1250,3,1,0
1252,3,1,0
1253,3,1,1
1255,3,1,1
1256,6,1,1
1257,5,1,1
1258,4,1,0
1260,3,1,1
1264,3,0,0
1266,3,1,1
1272,4,1,1
1275,6,1,1
1279,3,1,0
1283,5,1,1
1286,10,1,1
1296,4,1,1
1300,3,1,1
1302,5,1,1
1303,5,1,1
1306,3,1,1
1307,3,1,1
1310,3,1,1
1311,6,1,1
1314,5,1,1
1319,5,1,0
1324,6,1,1
1328,3,1,1
1336,3,1,1
1341,4,1,1
1418,5,1,1
1420,5,1,1
1422,4,1,0
1426,3,1,1
1428,3,1,0
1432,3,1,0
1434,3,1,1
1438,6,1,1
1442,3,1,1
1444,3,1,1
1472,6,1,1
1474,5,1,1
1476,3,1,1
1480,5,1,0
1488,3,1,1
1490,12,1,1
1492,5,1,1
1494,3,1,1
1496,5,1,1
1500,5,1,1
1502,5,1,1
1504,5,1,1
1512,3,1,1
1514,3,1,1
1522,8,1,1
1528,2,1,1
1540,2,1,1
1548,3,1,1
1552,5,1,1
1554,12,1,1
1560,4,1,1
1566,5,1,0
1574,2,1,1
1584,2,1,1
1598,3,1,1
1604,3,1,1
1614,4,1,1
1618,3,1,1
1632,3,1,1
1638,3,1,1
1642,3,1,0
1644,5,1,0
1646,3,1,1
1652,4,1,1
1654,4,1,1
1656,3,1,1
1660,4,1,1
1678,3,1,1
1682,3,1,0
1686,4,1,0
1714,3,1,1
1720,4,1,1
1760,3,1,1
1764,3,1,1
1768,12,1,1
1770,3,1,1
1774,3,1,1
1776,3,1,0
1878,4,1,1
1888,9,1,1
1938,5,1,0
1942,3,1,1
1944,5,1,0
1952,4,1,1
1966,3,1,1
1968,4,1,1
1976,3,1,1
1980,3,1,1
1982,3,1,1
1986,3,1,1
1996,5,1,1
2008,2,1,0
2010,6,1,1
2014,3,1,1
2016,3,1,1
2022,3,1,0
2024,3,1,1
2076,3,1,0
2078,4,1,0
2080,3,1,0
2088,4,1,1
2090,10,1,1
2098,6,1,1
2100,3,1,1
2102,2,1,1
2104,3,1,1
2108,4,1,1
2116,4,1,0
2118,6,1,1
2122,4,1,1
2126,3,1,1
2132,3,1,1
2134,6,1,1
2136,5,1,0
2138,5,1,1
2140,5,1,1
2142,4,1,1
2144,4,1,0
2146,3,1,0
2170,3,1,1
2174,2,1,1
2184,5,1,1
2186,4,1,0
2202,3,1,1
2218,4,1,0
2234,5,1,0
2236,5,1,0
2238,3,1,1
2240,3,1,1
2242,3,1,1
2244,4,1,1
2252,3,1,0
2258,3,1,1
2262,5,1,1
2264,6,1,1
2278,3,1,1
2280,3,1,1
2282,5,1,0
2284,10,1,1
2288,2,1,1
2290,3,1,1
2302,5,1,1
2308,3,1,1
2312,3,1,1
2316,3,1,1
2318,5,1,1
2324,3,1,1
2330,9,1,0
2332,6,1,1
2334,5,1,1
2340,5,1,1
2348,3,1,1
2350,3,1,0
2356,3,1,1
2358,3,1,1
2360,3,1,1
2362,4,1,0
2366,5,1,1
2372,4,0,0
2374,6,1,1
2376,4,1,1
2382,6,1,1
2386,6,1,1
2388,3,1,1
2392,3,1,1
2398,5,1,1
2400,3,1,1
2420,3,1,1
2424,2,1,1
2432,4,1,1
2434,3,1,1
2436,8,1,1
2438,4,1,1
2446,4,1,0
2484,5,1,1
2486,5,1,1
2488,5,1,1
2490,5,1,1
2492,3,1,0
2496,5,1,1
2498,3,1,1
2502,3,1,1
2504,6,1,1
2506,3,1,0
2538,3,1,1
2542,6,1,0
2552,5,1,1
2558,3,1,0
2562,2,1,1
2564,3,1,1
2568,3,1,1
2570,3,1,1
2572,3,1,1
2576,3,1,1
2578,4,1,0
2580,3,1,1
2582,3,1,1
2584,3,1,1
2586,3,1,1
2588,3,1,1
2594,3,1,1
2596,5,1,1
2600,6,1,1
2602,3,1,1
2610,3,1,1
2612,5,1,1
2614,8,1,1
2638,3,1,0
2640,3,1,1
2642,2,1,1
2644,3,1,0
2664,3,1,1
2668,4,1,1
2678,3,1,0
2688,4,1,1
2700,4,1,1
2704,4,1,1
2714,3,1,0
2718,3,1,0
2722,5,1,1
2728,3,1,0
2730,3,1,1
2736,4,1,1
2738,3,1,1
2740,3,1,1
2742,3,1,1
2758,6,1,1
2768,5,1,1
2778,3,1,1
2786,3,1,1
2790,8,1,1
2806,2,1,1
2812,3,1,1
2814,2,1,0
2828,3,1,1
2830,3,1,1
2838,5,1,0
2846,3,1,1
2848,3,1,1
2850,3,1,0
2856,4,1,1
2864,3,1,0
2886,4,1,1
2890,3,1,0
2892,3,1,1
2894,3,1,1
2896,3,1,1
2898,3,1,1
2900,3,1,0
2904,10,1,1
2906,5,1,1
2908,3,1,1
2912,5,1,0
2914,3,1,1
2924,3,1,1
2926,3,1,1
2928,6,1,1
2930,3,1,1
2932,3,1,1
2934,5,1,1
2936,3,1,0
2938,8,1,1
2958,3,1,1
2960,4,1,1
2962,3,1,1
2966,3,1,1
2968,3,1,1
2974,3,1,1
2976,3,1,1
2980,4,1,0
2982,4,1,1
2984,3,1,1
2986,4,1,1
2990,3,1,0
2992,3,1,1
2994,3,1,1
2996,3,1,1
2998,3,1,1
3000,3,1,0
3002,4,1,1
3004,3,1,0
3006,3,1,1
3008,3,1,0
3010,6,1,1
3012,3,1,0
3014,3,1,0
3058,4,1,1
3060,6,1,1
3064,3,1,1
3066,4,1,1
3070,4,1,0
3076,3,1,1
3082,3,1,1
3084,5,1,1
3088,5,1,1
3100,3,1,1
3110,3,1,1
3114,5,1,1
3116,6,1,0
3122,9,1,1
3124,52,1,1
3130,4,1,1
3132,3,1,1
3134,4,1,0
3136,3,1,1
3138,3,1,1
3140,3,1,1
3144,5,1,1
3146,10,1,1
3150,3,1,1
3152,4,1,1
3154,3,1,1
3158,6,1,0
3208,0,1,1
3210,11,1,0
3240,3,1,1
3244,2,1,1
3250,4,1,1
3258,4,1,0
3266,3,1,1
3274,6,1,1
3276,3,1,1
3278,6,1,1
3292,3,1,0
3296,2,1,0
3306,3,1,0
3308,3,1,1
3310,3,1,1
3312,3,1,1
3314,3,1,1
3316,3,1,1
3320,3,1,1
3322,3,1,1
3324,3,1,1
3326,3,1,1
3338,3,1,0
3342,3,1,1
3350,3,1,1
3354,4,1,1
3375,24,1,1
3378,3,1,0
3380,3,1,1
3381,6,1,1
3382,3,1,0
3383,3,1,0
3385,5,1,1
3386,3,1,1
3389,3,1,1
3391,3,1,1
3402,3,1,0
3404,5,1,0
3405,5,1,1
3406,3,1,0
3407,6,1,1
3408,3,1,1
3409,3,1,1
3410,3,1,1
3411,3,1,0
3412,4,1,0
3413,3,1,1
3415,4,1,1
3416,3,1,1
3418,5,1,1
3419,4,1,1
3420,3,1,0
3421,4,1,1
3422,5,1,1
3423,5,1,0
3424,4,1,1
3425,6,1,1
3426,5,1,1
3428,3,1,1
3430,4,1,1
3431,3,1,1
3432,4,1,0
3433,4,1,1
3434,3,1,1
3435,3,1,1
3436,5,1,0
3437,5,1,0
3438,3,1,1
3439,5,1,1
3440,5,1,0
3441,3,1,1
3443,4,1,1
3444,3,1,0
3445,3,1,1
3446,2,1,1
3448,3,1,1
3469,5,1,0
3481,4,1,1
3485,5,1,0
3494,4,1,1
3496,9,1,1
3497,10,1,1
3499,9,1,0
3503,3,1,1
3504,3,1,1
3507,5,1,1
3518,4,1,0
3519,5,1,0
3520,3,1,1
3521,6,1,1
3522,30,1,1
3523,6,1,0
3524,3,1,1
3525,5,1,1
3526,5,1,1
3527,6,1,1
3528,3,1,1
3529,3,1,0
3530,3,1,1
3531,3,1,1
3532,5,1,1
3533,6,1,1
3534,5,1,1
3535,8,1,1
3536,5,1,0
3537,3,1,1
3538,6,1,1
3539,4,1,0
3540,5,1,0
3541,5,1,1
3542,3,1,0
3543,3,1,1
3544,6,1,1
3545,15,1,0
3546,6,1,1
3547,6,1,1
3549,6,1,0
3550,6,1,1
3556,4,1,1
3562,2,1,1
3568,3,1,1
3580,5,1,1
3581,5,1,1
3583,3,1,1
3584,3,1,1
3585,4,1,1
3586,5,1,1
3589,3,1,1
3590,5,1,1
3591,3,1,0
3592,6,1,1
3594,4,1,1
3595,5,1,1
3596,4,1,0
3598,4,1,1
3599,3,1,0
3601,3,1,1
3602,2,1,1
3603,3,1,1
3606,3,1,1
3608,5,1,1
3612,3,1,0
3615,6,1,1
3616,4,1,1
3617,4,1,1
3635,10,1,1
3640,2,1,1
3645,3,1,0
3646,3,1,0
3648,5,1,1
3651,3,1,1
3652,8,1,0
3653,5,1,0
3654,6,1,1
3655,4,1,0
3656,6,1,0
3657,3,1,0
3658,3,1,0
3659,4,1,1
3660,6,1,1
3661,5,1,1
3662,3,1,1
3663,5,1,1
3664,4,1,1
3665,6,1,1
3666,4,1,1
3667,3,1,1
3668,4,1,1
3679,7,1,1
3681,3,1,0
3682,5,1,0
3683,3,1,1
3690,3,1,0
3691,5,1,1
3697,5,1,1
3704,3,1,0
3705,3,1,1
3708,3,1,0
3722,3,1,1
3764,4,1,1
3766,5,1,1
3768,5,1,1
3773,4,0,0
3776,4,1,1
3777,6,1,1
3779,4,1,1
3780,5,1,1
3783,10,1,1
3785,3,0,0
3786,4,1,1
3792,4,1,1
3793,4,1,0
3794,4,1,1
3795,4,1,0
3796,4,1,1
3798,3,1,1
3801,3,1,1
3804,3,1,1
3810,3,1,1
3811,3,1,1
3813,5,1,0
3816,3,1,1
3822,6,1,0
3824,3,1,1
3830,4,1,1
3837,2,1,1
3838,3,1,1
3843,6,1,1
3845,4,1,1
3846,5,1,1
3847,4,1,1
3848,3,1,1
3849,3,1,1
3850,3,1,1
3851,4,1,0
3853,3,1,1
3854,3,1,1
3855,5,1,1
3894,3,1,1
3896,3,1,1
3901,3,1,1
3910,4,1,1
3930,3,1,1
3931,3,1,0
3932,3,1,1
3933,3,1,1
3964,3,1,1
3965,5,1,1
3971,2,1,1
3972,3,1,1
3975,2,1,1
3976,3,1,1
3977,3,1,1
3979,4,1,1
3998,8,1,0
3999,5,1,0
4000,3,1,1
4002,12,1,1
4012,4,1,1
4017,3,1,1
4019,3,1,1
4020,4,1,1
4021,4,1,1
4022,4,1,1
4023,4,1,1
4024,4,1,0
4025,4,1,1
4026,4,1,1
4031,6,1,1
4032,3,1,0
4035,5,1,1
4036,3,1,1
4038,8,1,1
4039,3,1,1
4040,5,1,1
4041,3,1,0
4049,4,1,1
4050,10,1,1
4051,3,1,1
4054,3,1,1
4055,7,1,1
4056,5,1,1
4075,3,1,1
4099,4,1,1
4105,5,1,1
4107,6,1,1
4122,3,1,0
4123,8,1,1
4124,8,1,1
4125,3,1,1
4126,3,1,1
4127,3,1,1
4128,3,1,1
4129,3,1,1
4130,8,1,1
4131,5,1,1
4132,4,1,1
4133,3,1,0
4136,2,1,1
4138,10,1,1
4140,5,1,1
4141,5,1,1
4150,10,1,0
4164,2,1,0
4169,4,1,1
4179,4,1,1
4181,3,1,1
4183,3,1,1
4184,10,1,1
4190,3,1,0
4193,26,1,1
4212,5,1,1
4213,5,1,1
4214,3,1,1
4215,3,1,1
4216,6,1,1
4217,3,1,1
4219,3,1,1
4220,5,1,0
4221,6,1,1
4222,6,1,0
4223,10,1,1
4224,6,1,1
4226,10,1,0
4227,6,1,1
4229,3,1,1
4231,5,1,1
4233,10,1,1
4234,6,1,1
4235,3,1,1
4244,4,1,1
4245,4,1,1
4247,4,1,1
4248,8,1,1
4270,0,1,1
4305,20,1,1
4306,5,1,0
4307,5,1,0
4308,10,1,1
4309,3,1,0
4310,6,1,0
4311,4,1,1
4317,2,1,1
4345,4,1,1
4346,4,1,0
4368,3,1,0
4371,3,1,0
4372,6,1,0
4373,6,1,1
4374,10,1,1
4388,2,1,1
4395,3,1,1
4396,2,1,0
4411,5,1,0
4413,3,1,1
4414,3,1,1
4415,4,1,1
4441,5,1,1
4442,3,1,1
4444,3,1,1
4449,4,1,1
4450,5,1,1
4451,5,1,1
4452,2,1,1
4454,3,1,1
4455,3,1,1
4456,4,1,1
4457,4,1,1
4458,5,1,1
4459,10,1,1
4461,5,1,1
4462,8,1,1
4463,4,1,1
4464,4,1,0
4466,3,1,1
4468,3,1,1
4469,3,1,1
4472,8,1,1
4503,3,1,1
4504,3,1,1
4505,2,1,0
4508,2,1,1
4509,6,1,1
4511,5,1,1
4512,6,1,1
4513,8,1,0
4514,3,1,1
4515,10,1,1
4516,10,1,1
4517,3,1,1
4543,6,1,1
4544,3,1,0
4545,13,1,1
4546,3,1,1
4547,25,1,0
4548,6,1,1
4549,3,1,0
4550,2,1,0
4551,5,1,1
4576,5,1,1
4599,10,1,1
4602,20,1,0
4610,5,1,0
4634,8,1,0
4641,3,1,0
4642,3,1,1
4643,3,1,1
4644,6,1,0
4645,6,1,1
4646,3,1,1
4647,5,1,0
4673,10,1,1
4743,130,1,1
4758,5,1,0
4759,6,1,1
4760,3,1,0
4761,3,1,1
4762,4,1,1
4763,4,1,0
4764,3,1,1
4765,3,1,1
4766,3,1,1
4768,0,1,1
4775,3,1,1
4777,12,1,1
4778,5,1,1
4782,3,1,1
4791,3,1,0
4816,3,1,1
4846,5,1,1
4847,3,1,0
4848,4,1,1
4849,4,1,1
4850,5,1,1
4851,5,1,1
4853,3,1,1
4861,12,1,1
4862,7,1,0
4864,6,1,1
4868,10,1,0
4896,2,1,1
4897,3,1,1
4898,3,1,0
4899,9,1,1
4900,3,1,1
4902,4,1,1
4904,3,1,1
4911,5,1,1
4912,5,1,1
4919,2,1,1
4920,6,1,1
4921,5,1,1
4927,2,1,1
4928,3,1,1
4929,3,1,1
4930,2,1,0
4931,5,1,1
4932,3,1,1
4933,3,1,1
4934,3,1,0
4936,5,1,0
4938,9,1,0
4939,5,1,1
4941,3,1,1
4942,4,1,0
4943,5,1,1
4945,3,1,1
4946,10,1,1
4948,3,1,0
4949,5,1,1
4950,6,1,1
4951,3,1,1
4952,3,1,1
4953,4,1,0
4954,5,1,1
4955,8,1,0
4958,4,1,1
4959,6,1,0
4960,5,1,1
4961,2,1,0
4962,3,1,1
4968,3,1,1
4969,3,1,1
4975,35,1,1
4976,4,1,1
4977,3,1,1
4978,10,1,1
4979,10,1,1
4980,2,1,1
4981,8,1,1
4982,3,1,1
4983,5,1,1
4984,9,1,1
4985,2,1,1
4986,3,1,1
4988,3,1,1
4989,3,1,1
4990,12,1,1
4994,4,1,1
4995,18,1,1
5005,10,1,1
5006,6,1,0
5008,8,1,1
5021,6,1,1
5022,3,1,0
5023,3,1,1
5024,8,1,1
5025,6,1,1
5026,4,1,1
5027,6,1,0
5028,4,1,1
5031,4,1,1
5032,4,1,0
5033,4,1,1
5034,4,1,0
5035,3,1,0
5036,8,1,1
5037,4,1,1
5038,4,1,1
5039,6,1,0
5040,6,1,1
5042,4,1,1
5043,3,1,1
5044,4,1,1
5045,5,1,0
5047,4,1,1
5048,4,1,1
5050,3,1,1
5051,5,1,1
5052,3,1,1
5053,3,1,1
5054,6,1,1
5055,6,1,1
5056,28,1,1
5057,4,1,1
5059,6,1,1
5060,6,1,1
5064,4,1,0
5065,4,1,1
5066,0,1,1
5067,0,1,1
5068,0,1,1
5069,0,1,1
5070,0,1,0
5071,0,1,1
5072,0,1,1
5073,0,1,1
5074,0,0,0
5075,0,1,1
5076,0,1,0
5077,0,1,1
5078,0,1,1
5080,0,0,0
5081,0,1,1
5082,0,1,1
5083,4,1,1
5084,4,1,0
5085,4,1,1
5086,6,1,1
5088,5,1,0
5089,11,1,0
5090,3,1,1
5092,4,1,0
5093,30,1,1
5094,30,1,1
5096,6,1,1
5097,3,1,0
5098,4,1,0
5099,10,1,1
5103,10,1,0
5104,6,1,1
5105,6,1,1
5106,6,1,1
5108,6,1,1
5110,3,1,0
5111,6,1,0
5113,3,1,0
5114,5,1,1
5116,3,1,0
5117,3,1,1
5118,3,1,1
5119,5,1,1
5121,5,1,0
5127,3,1,1
5128,3,1,1
5129,3,1,1
5130,7,1,0
5131,5,1,0
5132,3,1,1
5143,5,1,0
5144,5,1,0
5145,4,1,0
5146,2,1,0
5148,10,1,1
5153,5,1,1
5155,4,1,1
5162,7,1,1
5163,2,1,1
5165,5,1,0
5166,4,1,1
5167,6,1,0
5168,10,1,1
5170,6,1,0
5171,3,1,1
5175,4,1,1
5177,8,1,1
5182,6,1,1
5183,6,1,1
5186,5,1,1
5187,5,1,1
5189,2,1,1
5190,3,1,1
5191,4,1,1
5192,6,1,1
5193,4,1,1
5194,4,1,1
5195,4,1,1
5198,4,1,1
5200,5,1,1
5201,4,1,0
5202,5,1,1
5218,6,1,1
5219,4,1,1
5220,4,1,1
5221,30,1,1
5224,2,1,0
5227,5,1,1
5228,4,1,1
5235,3,1,1
5236,6,1,1
5237,3,1,1
5238,3,1,1
5240,6,1,0
5242,6,1,1
5243,6,1,1
5244,2,1,1
5245,14,1,1
5246,5,1,1
5249,3,1,1
5252,3,1,0
5253,3,1,1
5254,4,1,1
5255,10,1,1
5257,5,1,0
5258,10,1,1
5259,8,1,0
5261,3,1,1
5262,10,1,1
5267,2,1,1
5268,3,1,1
5270,10,1,0
5271,6,1,0
5274,10,1,0
5276,4,1,0
5278,4,1,1
5280,6,1,1
5281,6,1,1
5282,8,1,1
5283,3,1,1
5284,3,1,1
5286,6,1,1
5288,3,1,0
5292,5,1,1
5293,3,1,1
5294,5,1,0
5295,5,1,0
5296,6,1,1
5297,6,1,0
5298,5,1,1
5299,5,1,0
5301,6,1,1
5302,6,1,1
5303,3,1,0
5304,3,1,1
5305,3,1,0
5306,4,1,1
5307,5,1,0
5308,6,1,0
5311,8,1,1
5318,3,1,0
5320,10,1,1
5321,27,1,0
5322,10,1,1
5323,30,1,0
5324,3,1,0
5326,4,1,0
5392,5,1,0
5406,4,1,0
5409,3,1,1
5410,3,1,1
5412,6,1,1
5413,3,1,1
5415,4,1,0
5419,3,1,1
5420,3,1,1
5428,3,1,0
5429,3,1,1
5434,5,1,0
5437,30,1,1
5441,7,1,1
5442,4,1,0
5445,5,1,1
5446,5,1,0
5448,4,1,1
5449,5,1,1
5450,5,1,1
5451,4,1,1
5452,4,1,1
5454,4,1,0
5456,3,1,1
5457,3,1,1
5458,5,1,1
5459,4,1,0
5460,3,1,1
5461,3,1,1
5462,4,1,1
5463,3,1,1
5464,4,1,1
5465,5,1,0
5466,3,1,0
5468,3,1,0
5469,5,1,1
5470,6,1,1
5474,3,1,0
5476,5,1,1
5478,3,1,1
5479,4,1,1
5480,5,1,0
5481,6,1,0
5482,5,1,1
5483,4,1,0
5484,6,1,1
5485,6,1,0
5486,8,1,0
5487,10,1,1
5489,4,1,1
5490,6,1,1
5491,4,1,1
5492,3,1,1
5494,3,1,1
5496,4,1,0
5497,5,1,1
5498,3,1,1
5499,3,1,1
5501,4,1,1
5502,3,1,0
5503,4,1,1
5504,5,1,1
5505,6,1,1
5506,4,1,1
5507,4,1,1
5508,5,1,0
5518,3,1,1
5519,3,1,1
5520,3,1,0
5521,4,1,0
5522,3,1,0
5523,5,1,1
5525,2,1,1
5526,5,1,1
5532,3,1,1
5533,6,1,1
5534,4,1,0
5535,4,1,0
5537,12,1,1
5542,3,1,1
5543,5,1,0
5546,5,1,1
5547,10,1,1
5548,4,1,1
5549,6,1,0
5550,6,1,0
5552,10,1,1
5553,4,1,1
5560,6,1,1
5562,8,1,1
5564,3,1,0
5565,6,1,1
5566,4,1,0
5589,5,1,1
5590,3,1,1
5591,3,1,1
5593,3,1,1
5594,4,1,0
5595,3,1,1
5621,6,1,1
5650,3,1,0
5655,3,1,1
5657,6,1,1
5665,20,1,1
5667,5,1,0
5669,5,1,0
5672,8,1,1
5673,3,1,1
5674,3,1,0
5675,8,1,1
5676,3,1,0
5678,3,1,1
5680,8,1,1
5681,3,1,1
5682,4,1,1
5685,4,1,0
5686,9,1,1
5690,5,1,0
5691,10,1,1
5692,3,1,0
5693,9,1,1
5694,10,1,1
5699,3,1,1
5700,54,1,1
5701,3,1,1
5704,4,1,0
5705,3,1,1
5708,4,1,1
5710,5,1,1
5711,8,1,1
5712,6,1,1
5713,5,1,0
5714,10,1,1
5715,8,1,1
5717,5,1,0
5727,4,1,1
5729,6,1,1
5731,7,1,1
5732,6,1,1
5733,6,1,1
5735,5,1,1
5742,10,1,1
5743,3,1,1
5744,6,1,1
5745,4,1,1
5746,0,1,0
5747,4,1,1
5748,10,1,1
5749,4,1,0
5750,3,1,1
5751,3,0,0
5753,3,1,0
5754,3,1,0
5755,6,1,0
5756,3,1,0
5757,4,1,1
5758,3,1,1
5759,10,1,1
5760,3,1,1
5761,4,1,1
5762,3,1,1
5763,3,1,0
5764,5,1,1
5765,5,1,1
5766,4,1,1
5767,6,1,1
5768,4,1,1
5769,4,1,0
5771,3,1,0
5772,3,1,1
5774,6,1,1
5776,3,1,1
5781,3,1,1
5782,6,1,0
5787,6,1,0
5789,3,1,1
5790,10,1,1
5791,3,1,1
5792,5,1,0
5793,3,1,1
5795,5,1,1
5797,3,1,1
5798,4,1,1
5799,4,1,0
5800,4,1,0
5802,8,1,1
5803,5,1,1
5804,8,1,0
5806,9,1,1
5808,3,1,1
5809,3,1,1
5810,3,1,1
5821,3,1,0
5822,7,1,1
5824,2,1,1
5825,4,1,1
5826,3,1,1
5827,3,1,1
5828,3,1,0
5829,3,1,1
5830,3,1,1
5831,2,1,1
5843,0,1,1
5844,10,1,0
5845,10,1,0
5855,3,1,1
5856,10,1,1
5859,5,1,0
5860,16,1,1
5865,3,1,1
5876,10,0,0
5895,5,1,1
5896,2,1,0
5909,6,1,0
5911,5,1,1
5917,3,1,1
5918,3,1,1
5919,3,1,1
5920,3,1,1
5921,3,1,1
5923,3,1,1
5926,3,1,0
5962,6,1,0
5963,6,1,1
5970,4,1,1
5973,8,0,0
5974,3,1,1
5975,3,1,1
5976,2,1,1
5978,4,1,1
5979,2,1,1
5980,3,1,1
5981,2,1,1
5982,6,1,1
5996,4,1,1
5997,3,1,1
5998,6,1,0
5999,3,1,1
6000,18,1,1
6001,3,1,0
6008,4,1,1
6009,15,1,0
6010,10,1,1
6014,2,1,1
6017,5,1,1
6021,4,1,1
6024,3,1,1
6027,4,1,1
6028,8,1,1
6030,3,1,1
6031,6,1,1
6033,3,1,1
6034,4,1,0
6035,8,1,1
6036,2,1,1
6037,3,1,1
6038,5,1,0
6039,5,1,1
6040,4,1,1
6041,4,1,1
6043,4,1,1
6044,4,1,1
6045,4,1,1
6046,4,1,0
6047,5,1,0
6048,4,1,1
6049,4,1,1
6050,3,1,1
6051,4,1,1
6052,6,1,1
6053,4,1,1
6054,3,1,0
6055,6,1,1
6056,10,1,1
6057,5,1,1
6058,5,1,1
6059,3,1,0
6060,4,1,1
6062,20,1,1
6065,6,1,0
6066,6,1,1
6067,3,1,1
6068,3,1,1
6069,8,1,0
6070,10,1,1
6072,30,1,1
6074,3,1,1
6075,3,1,0
6076,4,1,1
6077,5,1,1
6078,10,1,1
6079,12,1,1
6080,4,1,1
6081,4,1,1
6083,4,1,1
6084,10,1,1
6087,3,1,1
6088,5,1,1
6091,15,1,1
6092,3,1,1
6093,3,1,1
6094,3,1,1
6095,3,1,1
6096,4,1,1
6097,3,1,0
6098,3,1,1
6099,3,1,1
6100,2,1,0
6101,2,1,1
6102,3,1,1
6103,4,1,0
6104,4,1,1
6105,3,1,0
6106,4,1,1
6107,3,1,1
6108,3,1,1
6109,5,1,1
6110,6,1,1
6111,5,1,1
6112,5,1,0
6113,0,1,1
6114,6,1,1
6115,10,1,1
6116,6,1,1
6117,5,1,0
6118,3,1,1
6119,6,1,1
6120,3,1,1
6121,5,1,1
6122,3,1,1
6123,5,1,0
6124,4,1,1
6125,12,1,1
6126,3,1,0
6127,3,1,0
6128,3,1,1
6129,3,1,0
6130,4,1,1
6133,0,1,0
6134,3,1,1
6135,3,1,0
6136,3,1,1
6137,3,1,1
6138,3,1,1
6139,0,1,0
6141,3,1,1
6142,5,1,1
6144,3,1,1
6145,3,1,1
6147,3,1,1
6149,3,1,1
6150,3,1,1
6151,5,1,0
6152,3,1,0
6153,3,1,0
6154,4,1,1
6155,3,1,1
6156,3,1,1
6158,3,1,1
6159,3,1,1
6160,3,1,1
6161,3,1,1
6162,9,1,1
6163,3,1,1
6164,5,1,0
6165,3,1,1
6166,3,1,1
6167,3,0,0
6168,3,1,1
6169,3,1,0
6170,3,1,1
6171,3,1,0
6172,3,1,1
6173,5,1,1
6175,4,1,0
6176,3,1,1
6177,4,1,1
6178,3,1,1
6179,3,1,1
6180,3,1,1
6181,6,1,1
6182,5,1,1
6183,3,1,1
6185,3,1,1
6186,3,1,1
6188,3,1,1
6189,10,1,1
6192,4,0,0
6193,3,1,0
6194,0,1,0
6195,3,1,0
6197,3,1,1
6198,6,1,1
6201,6,1,1
6202,3,1,1
6203,6,1,1
6204,10,1,1
6206,5,1,1
6209,3,1,1
6212,3,1,0
6213,3,1,1
6215,5,1,0
6216,3,1,0
6217,3,0,0
6218,3,1,1
6219,3,1,0
6220,3,1,1
6221,6,1,1
6222,3,1,1
6223,3,1,1
6225,4,1,1
6226,4,1,1
6227,4,1,1
6242,3,1,1
6243,3,1,1
6244,5,1,1
6246,3,1,1
6247,6,1,1
6249,30,1,0
6254,5,1,0
6270,6,1,1
6271,3,1,0
6274,2,1,1
6276,3,1,1
6278,2,1,1
6280,3,1,1
6285,8,1,1
6287,3,1,1
6288,4,1,1
6289,5,1,0
6290,4,1,1
6291,5,1,1
6292,4,1,1
6293,5,1,1
6294,6,1,1
6295,3,1,1
6296,5,1,1
6312,3,1,0
6318,4,1,1
6319,2,1,1
6322,4,1,1
6345,3,1,1
6361,5,1,1
6376,3,1,1
6377,4,1,1
6378,4,1,1
6380,4,1,0
6405,4,1,0
6409,4,1,1
6428,14,1,1
6429,4,1,1
6430,6,1,1
6431,2,1,1
6432,10,1,1
6433,3,1,1
6441,5,1,1
6443,5,1,1
6444,10,1,1
6523,3,1,1
6524,5,1,1
6525,5,1,1
6526,3,1,0
6527,4,1,1
6528,3,1,1
6529,5,1,1
6530,6,1,0
6531,6,1,1
6532,5,1,1
6533,6,1,0
6534,5,1,1
6535,3,1,0
6536,6,1,1
6538,10,1,1
6539,2,1,1
6540,9,1,1
6541,9,1,0
6542,11,1,1
6543,25,1,0
6544,2,1,0
6545,3,1,1
6546,3,1,0
6547,6,1,0
6550,4,1,0
6551,10,1,1
6552,5,1,0
6553,5,1,1
6554,3,1,1
6555,6,1,1
6556,5,1,1
6557,5,1,1
6558,5,1,1
6559,3,1,1
6560,3,1,0
6563,19,1,1
6564,6,1,1
6566,8,1,1
6568,5,1,0
6569,4,1,1
6570,6,1,0
6571,20,1,1
6572,6,1,1
6573,10,1,1
6574,9,1,0
6586,3,1,1
6588,5,1,1
6589,10,1,1
6590,25,1,1
6594,10,1,1
6595,3,1,1
6612,10,1,1
6613,3,1,1
6614,1,1,1
6616,5,1,1
6661,6,1,1
6695,6,1,1
6696,6,1,1
6698,5,1,1
6701,5,1,1
6705,10,1,0
6706,8,1,1
6707,5,1,1
6708,6,1,1
6709,4,1,1
6710,3,1,1
6711,12,1,1
6715,30,1,1
6718,4,1,1
6719,4,1,1
6720,5,1,1
6721,8,1,1
6723,3,1,1
6724,9,1,1
6725,3,1,1
6726,4,1,1
6727,3,1,1
6728,3,1,1
6729,2,1,1
6730,10,1,1
6731,3,1,0
6733,2,1,1
6734,2,1,1
6735,6,1,0
6736,8,1,1
6737,3,1,1
6738,2,1,0
6742,3,1,1
6743,3,1,1
6744,4,1,1
6754,6,1,1
6759,6,1,1
6764,5,1,1
6765,2,1,1
6766,3,1,1
6768,2,1,1
6769,4,1,0
6770,2,1,1
6771,2,1,1
6777,5,1,1
6782,3,1,1
6783,2,1,1
6784,6,1,1
6785,10,1,1
6786,4,1,1
6789,15,1,1
6791,8,1,1
6792,4,1,1
6793,6,1,1
6806,3,1,0
6808,3,1,1
6812,5,1,1
6814,3,1,1
6815,4,1,1
6816,6,1,1
6817,5,1,0
6819,5,1,1
6820,5,1,1
6821,5,1,1
6823,5,1,1
6825,3,1,1
6828,3,1,1
6829,3,1,1
6830,4,1,1
6849,3,1,1
6850,6,1,1
6852,6,1,1
6853,3,1,1
6854,10,1,1
6855,5,1,1
6856,2,1,1
6858,10,1,1
6859,3,1,1
6861,4,1,1
6863,6,1,1
6866,8,1,1
6867,2,1,0
6868,6,1,1
6869,4,1,1
6870,5,1,1
6871,3,1,1
6874,3,1,1
6875,3,1,1
6888,4,1,0
6889,0,1,1
6890,8,1,1
6897,10,1,1
6899,10,1,0
6908,5,1,0
6909,5,1,1
6910,10,1,0
6911,3,1,1
6912,4,1,1
6913,10,1,0
6919,5,1,1
6933,4,1,1
6941,5,1,1
6942,3,1,1
6943,5,1,0
6946,8,1,1
6947,5,1,1
6948,5,1,1
6949,27,1,0
6951,15,1,1
6953,4,1,1
6954,3,1,0
6955,4,1,1
6956,6,1,0
6958,7,1,1
6959,6,1,0
6960,6,1,1
6961,12,1,1
6962,8,1,1
6963,6,1,0
6966,8,1,0
6967,6,1,1
6969,4,1,1
6970,3,1,1
6971,5,1,1
6973,3,1,1
6974,3,1,1
6976,4,1,1
6977,4,1,1
6978,6,1,1
6980,4,1,1
6981,6,1,1
6982,6,1,1
6987,4,1,1
6988,3,1,1
6989,3,0,0
6990,6,1,1
6991,4,1,1
6993,3,1,1
6995,10,1,1
7003,8,1,1
7004,4,1,1
7005,4,1,1
7006,6,1,1
7007,8,1,0
7008,6,1,1
7009,6,1,1
7010,6,1,1
7011,3,1,1
7013,9,1,1
7015,6,1,0
7016,3,1,1
7017,6,1,1
7018,8,1,1
7020,3,1,0
7021,2,1,1
7022,2,1,1
7026,3,1,0
7027,3,1,0
7032,10,1,1
7033,2,1,1
7034,3,1,1
7035,3,1,0
7036,2,1,1
7037,2,1,1
7039,5,1,0
7040,3,1,1
7042,3,1,0
7043,3,1,0
7044,3,1,0
7045,3,1,1
7046,3,1,1
7047,3,1,1
7068,3,1,1
7071,15,1,1
7072,3,1,0
7074,2,1,1
7076,8,1,1
7094,10,1,0
7113,4,1,0
7114,3,1,1
7120,10,1,1
7121,5,1,1
7145,6,1,1
7146,2,1,1
7147,6,1,0
7148,16,1,1
7149,6,1,1
7150,2,1,0
7151,5,1,1
7152,2,1,0
7154,3,1,1
7155,3,1,1
7156,3,1,1
7159,3,1,1
7164,3,1,0
7165,3,1,1
7166,4,1,0
7170,3,1,0
7171,8,1,0
7172,12,1,0
7173,6,1,0
7174,7,1,1
7175,8,1,1
7179,4,1,1
7181,10,1,1
7182,2,1,1
7220,3,1,1
7221,3,1,1
7222,3,1,1
7223,3,1,1
7224,3,1,1
7226,3,1,0
7228,3,1,1
7229,5,1,0
7230,2,1,1
7235,2,1,1
7236,2,1,1
7237,2,1,0
7238,2,1,1
7239,2,1,1
7240,5,1,0
7299,6,1,1
7316,3,1,0
7319,4,1,1
7359,5,1,1
7360,5,1,1
7361,2,1,1
7363,4,1,0
7364,3,1,1
7368,4,1,1
7372,8,1,1
7374,5,1,1
7375,10,1,1
7377,6,1,1
7378,3,1,1
7402,5,1,1
7405,3,1,0
7406,3,1,0
7407,3,1,1
7409,3,1,1
7421,3,1,1
7423,10,1,1
7435,2,1,1
7439,19,1,1
7440,25,1,1
7441,3,1,1
7491,40,1,1
7506,6,1,0
7507,5,1,1
7508,6,1,1
7510,2,1,0
7513,20,1,1
7518,3,1,1
7519,3,1,0
7527,3,1,0
7533,6,1,1
7535,6,1,1
7547,4,1,1
7550,5,1,0
7558,6,1,1
7560,2,1,1
7561,2,1,1
7562,6,1,0
7563,3,1,1
7565,6,1,1
7566,6,1,0
7568,10,1,1
7569,3,1,0
7596,5,1,0
7597,4,1,1
7598,3,1,0
7600,2,1,0
7601,2,1,1
7602,2,1,0
7603,3,1,1
7604,3,1,1
7605,4,1,1
7606,3,1,1
7608,6,1,1
7609,3,1,1
7610,3,1,1
7611,3,1,1
7612,3,1,1
7613,3,1,0
7614,3,1,1
7615,3,1,1
7616,3,1,1
7617,3,1,1
7621,3,1,1
7622,7,0,0
7625,6,1,1
7627,5,1,1
7629,5,1,1
7631,6,1,1
7633,6,1,1
7634,3,1,1
7636,6,1,0
7638,5,1,1
7640,4,1,1
7642,3,1,1
7647,38,1,0
7679,6,1,1
7694,6,1,1
7695,3,1,1
7696,6,1,0
7697,3,1,0
7701,3,1,1
7702,2,1,1
7704,8,1,0
7706,3,1,1
7759,3,1,1
7842,6,1,1
7843,3,1,1
7844,3,1,0
7845,2,1,1
7893,5,1,0
7894,3,1,1
7895,5,1,1
7896,4,1,0
7897,6,1,1
7898,6,1,1
7899,5,1,1
7900,15,1,1
7901,2,1,1
7902,5,1,1
7903,5,1,1
7904,5,1,1
7917,4,1,1
7918,5,1,1
7919,4,1,1
7920,3,1,1
7980,5,1,1
7996,8,1,0
7999,4,1,1
8000,3,1,0
8003,9,1,1
8004,5,1,1
8005,4,1,1
8008,6,1,0
8010,4,1,0
8014,5,1,0
8015,3,1,0
8016,3,1,1
8034,17,1,0
8038,4,1,0
8101,4,1,1
8103,4,1,1
8146,3,1,1
8150,3,1,1
8163,3,1,1
8232,7,1,1
8234,10,1,0
8244,3,1,1
8263,4,1,1
8264,10,1,1
8267,4,1,1
8271,3,1,0
8273,3,1,1
8275,2,1,0
8276,3,1,1
8283,12,1,1
8284,5,1,1
8286,6,1,0
8289,6,1,0
8290,5,1,1
8292,5,1,1
8293,4,1,1
8294,8,1,1
8295,20,1,1
8305,3,1,1
8306,30,0,0
8309,10,1,1
8310,5,1,1
8311,5,1,1
8312,3,1,1
8313,3,1,0
8316,3,1,0
8317,5,1,1
8320,3,1,0
8321,3,1,0
8332,11,1,1
8333,6,1,1
8334,10,1,1
8335,31,1,1
8336,8,1,1
8348,13,1,1
8349,6,1,1
8350,3,1,1
8351,5,1,0
8354,2,1,0
8355,4,1,1
8363,3,1,1
8370,3,1,1
8387,17,1,1
8395,6,1,1
8423,10,1,1
8427,8,1,1
8428,6,1,0
8429,8,0,0
8431,6,1,1
8432,7,1,1
8433,6,1,1
8434,4,1,1
8435,8,1,0
8436,4,1,1
8437,16,1,1
8438,3,1,1
8439,8,1,1
8446,6,1,0
8447,8,1,1
8457,3,1,1
8533,15,1,0
8595,6,1,1
8596,3,1,1
8598,4,1,1
8599,3,1,1
8632,3,0,0
8663,3,1,1
8664,10,1,0
8718,3,1,0
8721,10,1,1
8722,3,1,0
8723,3,1,0
8725,10,0,0
8766,20,0,0
8780,4,1,1
8850,10,1,1
8855,4,1,1
8857,4,1,1
8952,5,1,0
8975,10,1,1
8988,3,1,1
9030,6,1,1
9061,15,1,0
9062,5,1,0
9064,4,1,1
9065,6,0,0
9067,5,1,1
9079,3,1,0
9080,3,1,1
9081,3,1,1
9083,3,0,0
9084,3,1,0
9118,5,1,1
9119,5,1,0
9120,3,1,0
9143,3,1,1
9144,4,1,1
9145,4,1,1
9149,6,1,1
9150,6,0,0
9153,4,1,0
9155,3,1,1
9156,30,1,1
9157,8,0,0
9159,6,1,0
9160,12,1,1
9161,14,1,1
9170,7,1,0
9171,3,1,1
9173,2,1,1
9174,3,1,1
9175,3,1,0
9176,4,1,1
9177,2,1,0
9178,4,1,1
9179,6,1,1
9198,6,1,1
9199,3,1,0
9261,4,1,1
9263,3,1,1
9266,2,1,1
9268,5,1,1
9270,20,1,1
9272,6,1,1
9273,6,1,1
9275,10,1,1
9276,6,1,1
9307,5,1,1
9308,3,1,1
9309,5,1,1
9310,0,1,1
9311,5,1,0
9314,5,1,1
9334,4,1,1
9345,8,1,1
9365,5,1,1
9380,3,1,1
9396,3,1,1
9411,3,1,0
9436,3,1,0
9439,10,1,1
9440,30,1,0
9451,3,1,1
9452,4,1,1
9487,3,1,1
9579,5,1,1
9581,10,0,0
9582,2,1,1
9583,6,0,0
9584,6,1,1
9587,5,1,1
9590,6,1,1
9592,6,1,1
9607,4,1,0
9631,5,1,1
9632,8,1,1
9633,2,1,1
9634,2,1,1
9635,5,1,0
9636,3,1,1
9637,6,1,1
9638,4,1,1
9639,10,1,1
9640,3,1,1
9642,5,1,1
9651,4,1,1
9652,3,1,1
9653,6,1,1
9654,6,1,1
9661,6,1,0
9663,6,1,1
9665,2,1,1
9702,10,1,0
9716,2,1,1
9718,12,0,0
9720,17,1,0
9734,3,1,1
9735,3,1,1
9736,3,1,1
9737,10,0,0
9738,10,1,1
9739,10,0,0
9741,5,1,1
9742,5,1,1
9749,6,1,1
9752,4,1,1
9753,3,1,1
9754,3,1,1
9757,6,1,1
9759,4,1,0
9761,5,1,1
9763,3,1,1
9776,3,1,0
9777,4,1,0
9778,3,1,0
9779,5,1,0
9782,3,1,1
9787,5,1,1
9793,6,0,0
9794,6,1,1
9799,3,1,1
9800,3,1,1
9801,3,1,0
9802,5,1,1
9812,8,1,1
9820,10,1,1
9822,4,0,0
9825,12,1,1
9826,4,1,1
9849,3,1,1
9857,6,1,1
9868,10,1,1
9869,15,1,0
9891,6,1,0
9901,3,1,1
9902,3,1,1
9903,4,1,0
9904,10,1,1
9920,6,1,1
9921,2,1,1
9942,4,1,1
9976,5,1,1
9981,8,1,0
10024,10,1,1
10025,10,1,1
10027,4,1,1
10041,6,1,0
10083,12,1,0
10084,3,1,0
10085,5,1,1
10086,2,1,1
10087,4,1,1
10098,6,1,0
10099,6,1,1
10101,3,1,1
10105,6,1,1
10106,3,1,0
10107,3,1,1
10128,3,1,1
10129,5,1,0
10130,5,1,0
10156,2,1,1
10162,4,1,0
10164,5,0,0
10165,8,1,0
10168,8,1,1
10171,6,0,0
10175,10,1,1
10177,6,1,1
10178,4,0,0
10179,6,1,1
10180,3,1,0
10183,8,1,1
10184,10,0,0
10209,3,1,1
10212,4,1,1
10213,4,1,0
10214,4,1,0
10216,3,1,1
10218,6,1,1
10219,12,1,1
10220,6,1,1
10221,9,1,1
10222,6,1,1
10225,4,0,0
10226,12,1,1
10228,5,1,1
10259,5,1,1
10260,4,1,1
10261,5,1,0
10262,4,1,1
10274,5,1,1
10277,10,1,1
10281,6,1,1
10297,6,1,1
10298,3,1,1
10302,6,1,0
10303,2,1,1
10304,7,1,1
10305,32,1,0
10328,5,1,0
10332,2,1,1
10333,5,1,1
10335,4,1,1
10344,3,1,0
10346,4,1,0
10347,4,1,1
10348,3,1,0
10349,3,1,1
10350,3,1,0
10352,3,1,0
10353,3,1,0
10354,3,1,0
10356,5,1,1
10357,3,1,1
10358,10,1,1
10410,2,1,1
10411,2,1,1
10418,6,1,0
10421,6,1,1
10426,10,1,0
10471,5,1,0
10472,6,1,1
10474,5,1,0
10475,3,1,1
10478,4,1,1
10479,3,1,0
10480,4,1,1
10481,3,1,0
10496,3,1,0
10497,5,1,1
10498,6,1,1
10502,6,1,0
10509,4,1,1
10512,2,1,0
10515,10,1,1
10516,6,1,1
10517,3,1,1
10518,3,1,0
10522,10,1,1
10525,5,1,1
10527,3,1,1
10541,5,1,1
10542,3,1,1
10544,4,1,0
10548,6,1,0
10579,3,1,1
10581,3,1,0
10582,8,1,1
10583,4,1,0
10638,10,1,1
10640,5,1,1
10644,4,1,1
10645,6,1,0
10649,6,1,1
10652,4,1,1
10654,9,1,1
10685,3,1,0
10686,3,1,1
10688,3,0,0
10690,3,1,1
10691,2,1,1
10692,3,1,1
10716,6,1,1
10717,4,1,1
10718,30,1,1
10719,4,1,1
10720,10,1,1
10721,10,1,1
10723,10,1,1
10724,10,1,1
10725,6,1,0
10726,20,1,1
10796,15,1,1
10807,4,1,1
10839,2,1,0
10849,5,1,1
10862,4,1,1
10863,10,1,1
10864,3,1,1
10865,12,0,0
10866,3,1,1
10867,2,1,1
10868,3,1,0
10869,3,1,1
10872,10,1,1
10873,5,1,1
10874,4,1,1
10875,3,1,1
10876,6,1,1
10877,3,1,1
10878,5,1,1
10879,5,1,1
10880,3,1,1
10881,3,1,1
10883,5,0,0
10884,6,1,1
10885,4,1,0
10886,4,1,0
10887,6,1,1
10888,3,1,1
10898,15,1,1
10924,4,1,1
10933,4,1,1
10935,5,1,0
10936,8,1,0
10937,5,1,1
10938,5,1,1
10939,4,1,1
10940,2,1,1
10941,4,1,0
10942,3,1,1
10943,2,1,0
10944,5,1,1
10947,6,1,0
10948,12,1,1
10950,6,1,0
10951,12,1,1
10953,6,1,1
10956,30,1,1
10980,6,1,1
10987,5,1,1
10988,4,1,1
10989,10,1,0
10990,11,0,0
10994,12,1,1
10995,12,1,1
10996,20,1,1
11006,3,1,1
11007,4,1,1
11008,6,1,1
11009,5,1,1
11011,4,1,0
11012,3,1,1
11056,3,1,1
11058,20,1,1
11060,10,1,1
11061,5,1,1
11062,6,1,1
11064,3,1,0
11065,3,1,1
11067,5,1,1
11068,5,1,1
11088,5,1,1
11090,6,1,0
11091,2,1,0
11093,2,1,0
11094,3,1,1
11095,2,1,1
11096,4,1,1
11098,6,1,1
11099,3,1,1
11100,10,1,1
11101,3,1,1
11102,4,1,0
11105,5,1,0
11134,4,1,1
11135,9,1,1
11143,5,1,1
11153,4,1,1
11154,5,1,1
11155,4,1,1
11157,3,1,0
11158,3,1,1
11160,3,0,0
11165,6,0,0
11169,4,1,1
11174,4,1,1
11178,8,1,1
11180,6,1,1
11185,20,1,1
11187,18,0,0
11193,3,1,1
11195,6,1,1
11199,5,1,0
11200,5,1,1
11201,5,1,1
11203,10,0,0
11204,8,0,0
11205,2,1,0
11206,3,1,0
11207,2,1,0
11208,3,1,1
11209,2,1,1
11210,3,1,1
11212,4,1,1
11213,4,1,1
11214,3,1,0
11219,3,1,1
11241,3,1,1
11242,3,1,0
11243,5,1,1
11244,3,1,1
11245,5,1,1
11247,7,1,1
11248,3,1,0
11253,8,0,0
11261,4,1,1
11290,10,1,1
11299,2,1,1
11312,3,0,0
11315,3,1,0
11316,3,1,1
11326,10,1,1
11327,4,1,1
11335,5,1,1
11347,4,1,1
11350,3,1,1
11354,16,1,1
11355,4,1,1
11357,5,0,0
11363,5,0,0
11364,5,0,0
11386,5,1,0
11387,6,1,0
11388,3,1,1
11389,4,0,0
11485,4,0,0
11506,3,1,1
11507,3,0,0
11561,3,1,0
11636,3,0,0
11637,10,1,0
11638,2,0,0
11645,3,1,1
11647,5,0,0
11648,5,0,0
11651,6,0,0
11653,8,0,0
11654,6,0,0
11655,3,1,1
11659,3,1,1
11666,10,0,0
11668,5,1,1
11670,3,0,0
11673,12,0,0
11686,2,0,0
11687,5,0,0
11688,9,0,0
11690,6,0,0
11712,4,0,0
11715,4,0,0
11716,4,0,0
11719,6,0,0
11720,4,0,0
11724,4,0,0
11746,3,1,1
11747,3,1,1
11750,5,1,1
11751,3,1,1
11752,3,1,1
11753,3,1,1
11756,4,1,1
11757,5,1,1
11758,3,0,0
11789,3,0,0
11790,3,1,1
11872,9,1,1
11880,3,1,1
12169,8,1,0
12186,15,0,0
12194,5,1,1
12196,3,1,1
12199,8,1,1
12206,2,1,1
12208,3,0,0
12211,3,1,0
12258,6,1,1
12315,3,1,1
12317,3,1,1
12318,6,1,1
12319,4,1,0
12320,4,1,1
12332,35,1,1
12406,8,0,0
12438,2,1,1
12467,10,1,1
12468,10,1,1
12484,6,0,0
12485,3,1,0
12488,5,1,0
12490,4,0,0
12491,3,1,0
12493,10,0,0
12510,2,0,0
12512,3,0,0
12514,3,0,0
12592,3,1,1
12622,5,1,1
12623,8,1,1
12685,5,1,1
12699,4,0,0
12831,3,0,0
12832,5,1,1
12857,4,0,0
12884,3,1,1
12900,5,1,1
12902,3,1,1
12922,10,1,1
13081,6,0,0
13082,6,0,0
13170,2,1,1
13171,6,1,0
13172,3,1,1
13173,3,1,1
13180,3,0,0
13210,8,0,0
13212,6,0,0
13213,6,0,0
13214,5,1,1
13216,6,0,0
13227,10,0,0
13236,14,0,0
13258,5,0,0
13343,3,1,1
13650,5,1,1
13713,8,0,0
13714,4,0,0
13716,4,0,0
13732,0,0,0
13745,12,0,0
13746,20,0,0
13749,5,1,1
13780,15,0,0
13872,1,1,1
13980,10,0,0
14344,3,0,0
14396,4,0,0
14400,60,0,0
14478,4,0,0
14481,4,0,0
14513,2,0,0
14514,5,0,0
14516,5,0,0
15968,0,0,0
16249,3,0,0
16268,17,0,0
16270,10,0,0
16604,3,0,0
16694,3,0,0
1,11,1,1
3,8,1,1
5,2,1,1
7,29,1,0
8,5,1,1
9,2,1,0
18,2,1,1
19,3,1,1
25,6,0,0
27,14,1,1
28,3,1,1
29,4,1,1
30,8,1,1
34,5,1,1
35,3,1,1
36,3,1,1
37,4,1,1
38,2,1,0
39,8,1,1
40,3,1,1
41,5,1,0
42,9,1,0
43,6,1,1
47,4,1,1
48,4,1,1
49,2,1,1
50,5,1,1
52,4,1,1
53,2,1,1
54,3,1,1
55,4,1,1
56,2,1,1
57,5,1,1
58,3,1,1
60,3,1,1
61,5,1,1
64,0,1,1
69,5,1,0
71,4,1,0
73,3,1,0
79,2,1,1
80,3,1,1
87,3,1,0
88,6,1,1
89,5,1,1
94,3,1,1
96,12,1,1
98,2,1,1
99,4,1,1
101,2,1,1
102,1,1,1
106,3,1,1
112,2,1,1
117,6,1,1
118,3,1,1
119,3,1,0
120,5,1,1
130,3,1,1
131,3,1,1
132,2,1,1
135,2,1,1
136,4,1,1
137,3,1,0
138,2,1,1
141,2,1,1
143,4,1,1
145,2,1,1
146,5,1,1
147,3,1,1
148,18,1,1
150,2,1,1
153,2,1,1
154,2,1,1
155,3,1,1
157,3,1,1
164,2,1,1
165,3,1,1
166,2,1,1
171,2,1,0
172,2,1,1
174,1,1,1
175,3,1,1
176,2,1,0
180,2,1,1
182,5,1,0
184,6,1,1
185,4,1,1
187,4,1,1
188,10,1,1
189,3,1,1
190,2,1,0
196,2,1,0
197,5,1,1
198,1,1,1
199,10,1,1
200,3,1,1
201,3,1,1
203,6,1,0
205,6,1,0
208,4,1,1
211,3,1,1
212,4,1,1
215,3,1,1
217,20,1,0
218,4,1,1
219,4,1,1
252,3,1,1
258,3,1,1
261,4,1,1
262,14,1,1
264,4,1,1
265,4,1,1
266,4,1,1
267,4,1,0
268,20,1,0
271,10,1,1
272,3,1,1
273,4,1,0
274,6,1,1
275,3,1,1
276,2,1,1
277,3,1,0
278,5,1,0
279,7,1,1
280,3,1,0
281,3,1,1
285,4,1,0
287,3,1,1
288,2,1,1
294,4,1,1
295,2,1,1
297,3,1,1
298,3,1,1
299,5,1,1
300,3,1,1
301,6,1,1
302,4,1,0
303,8,1,1
304,3,0,0
307,6,1,1
319,25,1,1
320,9,1,0
323,3,1,1
324,3,1,1
325,2,1,1
326,2,1,1
327,5,1,1
328,4,1,1
330,3,1,1
331,3,1,1
333,4,1,1
338,8,1,1
339,3,1,1
340,6,1,0
342,5,1,0
343,3,1,0
344,2,1,1
346,5,1,1
347,4,1,1
348,11,1,1
349,5,1,0
350,4,1,1
351,3,1,1
352,3,1,0
353,6,1,1
355,2,1,1
356,5,1,1
357,2,1,0
359,2,1,0
360,3,1,1
361,3,1,1
363,6,1,1
365,5,1,1
366,5,1,1
367,4,1,0
369,10,1,1
370,2,1,0
371,3,1,0
386,4,1,1
387,4,1,1
388,8,1,1
389,4,1,1
390,3,1,1
391,28,1,1
394,5,1,0
395,4,1,0
396,3,1,1
399,10,1,1
400,5,1,1
401,6,1,0
403,6,1,1
404,6,1,1
405,8,1,1
408,3,1,1
409,3,1,1
410,2,1,1
411,3,1,0
412,3,1,0
413,5,1,0
419,4,1,1
420,5,1,0
423,12,1,1
425,10,1,1
426,4,1,1
427,10,1,1
428,3,1,1
429,3,1,0
430,5,1,0
432,5,1,0
434,5,1,1
435,2,1,0
437,3,1,1
439,2,1,1
440,2,1,1
441,2,1,1
442,4,1,1
443,5,1,0
445,8,1,1
446,2,1,1
448,10,1,1
449,4,1,0
450,5,1,1
451,5,1,0
452,2,1,1
453,3,1,1
454,2,1,1
455,3,1,0
462,2,1,1
463,2,1,1
464,2,1,1
465,2,1,1
466,2,1,1
469,7,1,1
470,3,1,1
471,2,1,1
472,4,1,0
473,3,1,0
475,4,1,1
477,3,1,1
478,4,1,1
480,2,1,1
481,2,1,1
482,2,1,1
483,2,1,1
487,3,1,1
488,2,1,0
489,6,1,0
490,3,1,1
492,8,1,1
494,3,1,1
498,3,1,1
501,3,1,1
504,2,1,0
505,4,1,1
507,2,1,0
515,6,1,1
516,6,1,0
518,8,1,0
519,6,1,1
520,8,1,1
523,8,1,1
527,8,1,1
530,2,1,1
531,2,1,1
533,2,1,1
534,2,1,1
535,3,1,0
538,5,1,1
539,4,1,1
541,6,1,1
544,5,1,1
545,6,1,1
547,4,1,1
551,9,1,1
555,7,1,1
556,4,1,0
557,6,1,0
558,8,1,1
560,12,1,1
561,4,1,0
562,2,1,1
565,3,1,1
569,11,1,0
570,2,1,1
571,4,1,1
573,3,1,1
574,3,1,0
575,2,1,0
576,6,1,0
577,6,1,0
578,6,1,0
580,3,1,1
581,4,1,1
582,3,1,1
584,8,1,1
585,3,1,1
586,4,1,1
587,4,1,1
589,2,1,1
590,6,1,1
591,3,1,1
593,27,1,1
594,5,1,1
595,4,1,0
596,4,1,1
598,3,1,0
599,4,1,1
600,4,1,1
602,3,1,1
603,3,1,1
604,3,1,0
605,5,1,0
606,6,1,0
607,2,1,1
609,8,1,0
611,8,1,1
612,3,1,0
614,3,1,0
619,3,1,1
620,4,1,1
622,8,1,1
623,4,1,1
624,5,1,0
627,3,1,1
628,6,1,0
630,8,1,1
631,6,1,1
634,6,1,1
635,4,1,0
638,6,1,1
645,10,1,1
646,7,1,1
647,2,1,0
648,10,1,1
649,5,1,1
661,5,1,0
662,6,1,1
663,6,1,1
665,3,1,1
666,8,1,0
669,4,1,0
671,6,1,1
672,3,1,0
674,4,1,0
675,4,1,1
676,8,1,0
680,6,1,1
682,3,1,0
683,2,1,1
684,2,1,1
686,3,1,1
687,5,1,1
690,5,1,0
693,3,1,1
694,5,1,1
697,4,1,0
698,2,1,1
701,8,1,0
702,2,1,0
704,7,1,1
708,4,1,1
709,4,1,1
710,4,1,1
711,2,1,1
712,2,1,0
714,3,1,1
716,16,1,1
717,9,1,1
720,6,0,0
721,5,1,1
723,6,1,0
725,4,1,0
728,3,1,0
729,3,1,1
731,4,1,1
732,4,1,1
733,3,1,1
734,6,1,1
735,4,1,1
737,5,1,0
738,5,1,1
739,5,1,1
742,4,1,1
746,5,1,1
747,6,1,1
748,3,1,1
776,5,1,1
777,3,1,1
780,4,1,0
781,4,1,1
782,21,1,1
783,6,1,1
784,3,1,0
785,3,1,1
786,3,1,1
787,2,1,1
788,4,1,1
789,8,1,0
790,4,1,1
792,4,1,0
795,3,1,1
796,4,1,1
800,6,1,1
801,2,1,1
808,3,1,1
812,4,1,1
813,10,1,0
819,6,1,1
823,2,1,1
824,2,1,0
828,6,1,1
829,4,1,1
830,4,1,1
831,5,1,1
832,3,1,0
833,3,1,1
834,6,1,1
836,3,1,1
837,4,1,1
838,2,1,1
839,3,1,1
840,2,1,1
841,6,1,1
844,4,1,1
850,6,1,1
852,5,1,1
853,6,1,1
854,8,1,1
856,3,1,1
861,9,1,0
862,8,1,1
863,4,1,1
864,4,1,1
865,4,1,1
867,3,1,1
869,3,1,1
871,8,1,1
873,8,1,0
874,8,1,1
875,3,1,1
879,3,1,0
884,4,1,1
885,3,1,1
887,6,1,1
889,2,1,1
890,2,1,0
896,4,1,0
898,5,1,1
899,3,1,1
902,8,1,1
903,3,1,1
907,30,1,1
911,3,1,1
912,4,1,0
914,5,1,1
915,10,1,1
920,5,1,0
922,3,1,1
923,4,1,1
924,4,1,0
928,4,1,1
929,6,1,1
930,4,1,1
931,9,1,1
934,3,1,1
935,3,1,1
936,3,1,1
937,2,1,1
938,5,1,1
939,4,1,1
940,4,1,1
941,11,1,1
942,4,1,1
943,4,1,1
944,6,1,0
945,9,1,1
946,2,1,1
948,3,1,1
950,10,1,1
951,20,1,0
954,3,1,1
955,3,1,1
965,3,1,1
966,5,1,0
967,7,1,1
975,4,1,1
976,3,1,1
977,6,1,1
978,3,1,1
979,5,1,1
980,5,1,1
983,14,1,1
984,4,1,0
985,3,1,1
988,3,1,1
989,3,1,1
990,4,1,0
994,5,1,1
1006,6,1,0
1007,5,1,1
1014,5,1,1
1021,9,1,1
1027,5,1,1
1028,5,1,1
1029,6,1,1
1030,11,1,1
1031,4,1,1
1032,4,1,0
1034,4,1,0
1035,4,1,1
1039,9,1,1
1040,3,1,1
1041,10,1,1
1042,9,1,1
1043,4,1,1
1044,12,1,0
1047,5,1,0
1048,3,1,1
1049,3,1,1
1053,6,1,1
1054,6,1,1
1056,4,1,1
1057,7,1,1
1070,3,1,0
1077,2,1,1
1080,3,1,0
1081,5,1,1
1082,6,1,1
1085,5,1,1
1087,4,1,1
1088,3,1,1
1093,8,1,1
1095,3,1,1
1102,6,1,1
1104,3,1,1
1105,5,1,1
1108,5,1,1
1109,5,1,1
1110,7,1,1
1111,9,1,1
1115,5,1,0
1116,3,1,1
1117,5,1,1
1118,2,1,1
1119,10,1,1
1126,6,1,1
1128,2,1,1
1129,8,1,0
1131,9,1,1
1138,17,1,1
1139,4,1,1
1142,6,1,1
1143,3,1,1
1145,6,1,1
1151,5,1,1
1152,3,1,1
1155,9,1,1
1156,4,1,1
1157,3,1,1
1158,4,1,1
1160,6,1,1
1161,3,1,1
1162,3,1,1
1163,3,1,1
1164,3,1,1
1167,4,1,1
1168,12,1,0
1173,9,1,1
1174,12,1,1
1176,12,1,1
1177,10,1,1
1180,4,1,1
1181,3,1,1
1182,3,1,1
1187,6,1,1
1188,10,1,1
1189,4,1,1
1190,5,1,1
1193,4,1,1
1194,3,1,1
1195,4,1,1
1197,3,1,1
1199,3,1,1
1201,6,1,1
1202,6,1,0
1210,3,1,1
1214,4,1,0
1216,5,1,1
1218,3,1,1
1220,3,1,1
1221,3,1,1
1222,3,1,1
1226,7,1,1
1227,5,1,1
1233,5,1,1
1234,6,1,1
1235,3,1,1
1236,3,1,1
1238,3,1,0
1239,6,1,1
1240,4,1,1
1241,1,0,0
1247,10,1,1
1249,5,1,1
1251,4,1,0
1254,3,1,1
1259,3,1,0
1262,9,1,1
1263,12,1,1
1270,3,1,1
1273,5,1,0
1274,3,1,1
1276,4,1,0
1280,5,1,1
1282,3,1,1
1284,3,1,1
1285,10,1,1
1288,6,1,1
1289,2,1,1
1293,5,1,1
1294,2,1,1
1295,4,1,0
1297,6,1,1
1299,3,1,1
1301,5,1,0
1304,5,1,0
1305,3,1,1
1308,6,1,0
1309,3,1,1
1312,4,1,0
1313,5,1,1
1315,6,1,0
1316,6,1,1
1317,4,1,1
1318,3,1,1
1321,5,1,1
1322,3,1,1
1323,3,1,1
1325,5,1,1
1326,3,1,1
1327,4,1,0
1329,3,1,0
1330,3,1,1
1331,5,1,0
1333,12,1,1
1334,5,1,0
1335,3,1,1
1338,6,1,1
1339,6,1,1
1340,8,1,1
1342,7,1,0
1343,3,0,0
1346,3,1,1
1348,3,1,1
1416,6,1,1
1424,6,1,1
1430,6,1,1
1436,3,1,1
1440,3,1,1
1446,4,1,1
1448,3,1,1
1450,5,1,1
1452,6,1,1
1478,3,1,1
1482,5,1,1
1486,2,1,1
1498,20,1,1
1506,5,1,0
1508,4,1,1
1510,2,1,1
1516,17,1,1
1520,5,1,1
1530,20,1,0
1546,12,1,1
1568,25,1,1
1588,2,0,0
1596,12,1,1
1600,2,1,1
1602,4,1,1
1606,6,1,1
1608,42,1,1
1610,42,1,1
1612,6,1,0
1616,6,1,1
1620,3,1,1
1622,3,1,1
1628,6,1,1
1630,6,1,1
1634,5,1,0
1636,5,1,1
1640,5,1,0
1648,3,1,1
1650,2,1,0
1658,6,1,1
1662,4,1,1
1664,3,1,0
1666,3,1,0
1668,4,1,1
1670,3,1,0
1672,3,1,1
1676,10,1,0
1680,3,1,0
1684,4,1,1
1688,5,1,0
1690,5,1,1
1710,8,1,1
1712,3,1,1
1716,8,1,1
1718,7,1,1
1756,5,1,0
1758,3,1,1
1766,10,1,1
1772,3,1,0
1778,3,1,0
1874,15,1,1
1876,8,1,1
1890,6,1,0
1896,6,1,1
1898,6,1,1
1900,6,1,1
1902,20,1,1
1906,2,1,1
1908,2,1,1
1910,4,1,1
1912,6,1,1
1914,4,1,1
1916,2,1,0
1918,2,1,1
1920,3,1,1
1922,2,1,1
1930,6,1,0
1940,3,1,1
1946,7,1,0
1948,5,1,1
1950,3,1,1
1954,5,1,1
1956,4,1,0
1958,6,1,0
1960,6,1,1
1962,5,1,1
1964,3,1,0
1972,4,1,1
1974,3,1,0
1978,3,1,1
1984,3,1,1
1988,3,1,1
1998,3,1,1
2000,4,1,1
2002,4,1,1
2004,12,1,0
2006,15,1,1
2012,3,1,1
2018,5,1,1
2020,5,1,1
2028,4,1,1
2038,3,1,1
2044,12,1,1
2074,10,1,1
2084,3,1,0
2086,10,1,1
2096,8,1,1
2106,3,1,1
2110,10,1,1
2112,6,1,1
2114,5,1,1
2120,5,1,1
2124,3,1,1
2128,3,1,1
2130,8,1,1
2154,4,1,1
2156,3,1,1
2158,8,1,1
2160,6,1,1
2162,4,1,1
2164,5,1,1
2166,3,1,0
2168,5,1,1
2172,3,1,1
2176,3,1,1
2178,5,1,1
2180,3,1,1
2182,2,1,1
2188,6,1,1
2190,5,1,1
2192,4,1,1
2194,4,1,1
2204,8,1,1
2208,3,1,0
2210,3,1,0
2212,3,1,1
2214,4,1,1
2220,6,1,0
2222,4,1,1
2224,4,1,1
2226,3,1,1
2230,3,1,0
2256,7,1,1
2268,3,1,0
2270,3,1,0
2272,3,1,1
2274,4,1,1
2286,5,1,1
2304,2,1,1
2306,3,1,1
2310,3,1,1
2314,2,1,0
2320,5,1,1
2322,5,1,1
2326,3,1,1
2328,6,1,1
2342,6,1,0
2344,6,1,0
2346,3,1,1
2352,8,1,1
2364,4,1,1
2368,3,1,0
2370,3,1,1
2378,4,1,1
2380,5,1,1
2384,5,1,1
2394,4,1,1
2396,4,1,0
2404,2,1,1
2406,4,1,1
2414,3,1,1
2416,5,1,1
2422,3,1,1
2426,5,1,1
2428,5,1,1
2470,4,1,1
2474,4,1,1
2476,3,1,0
2478,9,1,0
2480,6,1,0
2494,3,1,1
2500,3,1,1
2508,8,1,0
2510,3,1,1
2512,3,1,0
2516,4,1,1
2518,5,1,1
2520,5,1,0
2522,3,1,1
2524,3,1,1
2526,2,1,1
2528,4,1,0
2530,2,1,1
2532,0,1,0
2534,5,1,1
2536,4,1,0
2540,3,1,1
2544,4,1,0
2546,3,1,1
2548,20,1,0
2550,3,1,1
2554,3,1,1
2556,3,1,1
2566,3,1,1
2574,3,1,1
2592,3,1,1
2598,5,1,1
2604,3,1,1
2606,2,1,1
2608,3,1,1
2616,2,1,0
2618,4,1,1
2620,2,1,0
2626,2,1,1
2628,4,1,1
2630,2,1,0
2632,5,1,1
2634,5,1,1
2636,3,1,1
2646,3,1,1
2648,3,1,1
2650,3,1,1
2652,3,1,1
2654,5,1,1
2656,3,1,1
2658,2,1,1
2660,4,1,1
2662,5,1,1
2666,3,1,1
2670,3,1,0
2672,3,1,1
2674,5,1,0
2676,4,1,1
2680,3,1,1
2682,4,1,1
2684,3,1,0
2690,10,1,1
2698,0,1,1
2702,3,1,1
2706,8,1,1
2708,3,1,1
2710,10,1,1
2712,3,1,0
2716,3,1,1
2720,12,1,1
2726,4,1,0
2732,3,1,1
2734,3,1,1
2748,3,1,1
2750,2,1,1
2752,5,1,1
2754,3,1,1
2762,5,1,1
2766,5,1,1
2770,5,1,1
2774,2,1,0
2776,5,1,1
2780,4,1,0
2784,3,1,1
2788,5,1,0
2792,48,1,1
2794,20,1,0
2796,2,1,1
2804,5,1,0
2816,4,1,0
2826,5,1,1
2832,4,1,1
2834,3,1,0
2836,2,1,1
2840,8,1,1
2842,2,1,1
2844,6,1,1
2852,3,1,1
2854,7,1,1
2858,3,1,1
2860,3,1,1
2862,2,1,1
2866,4,1,0
2880,4,1,1
2882,3,1,1
2902,3,1,0
2910,3,1,0
2916,5,1,0
2918,2,1,1
2920,3,1,1
2922,8,1,0
2942,6,1,0
2950,5,1,0
2952,3,1,1
2954,2,1,0
2956,3,1,1
2964,3,1,1
2970,2,1,1
2972,3,1,0
2988,3,1,0
3038,5,1,1
3040,3,1,0
3042,2,1,1
3056,3,1,1
3062,3,1,1
3068,3,1,0
3078,6,1,0
3080,6,1,0
3086,3,1,0
3090,6,1,1
3092,2,1,1
3094,6,1,1
3096,3,1,1
3098,3,1,1
3104,4,1,1
3106,5,1,1
3128,4,1,1
3142,3,1,1
3156,4,1,1
3160,5,1,1
3162,5,1,1
3164,2,1,1
3166,6,1,1
3196,3,1,1
3198,2,1,1
3200,3,1,1
3202,2,1,1
3212,5,1,1
3238,5,1,0
3242,4,1,0
3246,3,1,1
3248,2,1,1
3268,3,1,1
3270,2,1,0
3272,3,1,1
3280,6,1,1
3284,2,1,1
3294,8,1,1
3304,3,1,1
3318,3,1,1
3330,3,1,1
3336,4,1,1
3340,3,1,0
3344,5,1,1
3346,3,1,1
3348,3,1,0
3352,3,1,0
3377,3,1,0
3379,3,1,1
3384,4,1,1
3387,4,1,1
3388,3,1,1
3390,3,1,0
3392,3,1,1
3399,3,1,0
3403,3,1,0
3414,6,1,1
3417,3,1,0
3427,4,1,1
3429,4,1,1
3442,5,1,0
3447,5,1,1
3465,3,1,1
3467,3,1,0
3468,3,1,0
3470,3,1,1
3482,5,1,0
3483,5,1,0
3484,4,1,0
3486,4,1,1
3487,6,1,1
3488,6,1,1
3489,5,1,0
3490,10,1,1
3491,3,1,1
3492,5,1,1
3493,3,1,0
3495,6,1,1
3498,2,1,1
3500,5,1,1
3501,3,1,1
3502,3,1,1
3505,3,1,1
3506,6,1,1
3508,3,1,0
3509,2,1,1
3517,5,1,1
3548,5,1,1
3554,6,1,1
3555,5,1,0
3557,3,1,1
3558,4,1,0
3559,3,1,0
3560,6,1,1
3561,3,1,1
3563,5,1,0
3564,3,1,1
3565,8,1,1
3566,3,1,0
3567,2,1,1
3569,4,1,1
3570,2,1,1
3571,2,1,1
3572,7,1,1
3573,4,1,1
3587,3,1,1
3588,3,1,1
3593,4,1,1
3597,3,1,1
3600,3,1,1
3609,6,1,1
3610,4,1,1
3611,3,1,1
3613,3,1,1
3614,4,1,1
3618,4,1,0
3619,4,1,1
3626,3,1,0
3627,5,1,1
3634,6,1,1
3636,2,1,0
3637,6,1,0
3638,2,1,1
3639,3,1,0
3641,10,1,0
3642,6,1,1
3644,3,1,0
3647,8,1,0
3680,3,1,1
3689,5,1,0
3694,5,1,1
3695,4,1,1
3696,6,1,0
3698,10,1,1
3699,10,1,0
3700,10,1,1
3701,3,1,1
3702,4,1,1
3706,3,1,1
3707,4,1,1
3765,3,1,0
3767,6,1,1
3769,8,1,1
3770,5,1,1
3771,5,1,1
3775,6,1,1
3778,3,1,1
3781,5,1,1
3782,6,1,0
3784,6,1,1
3787,6,1,1
3797,4,1,1
3799,6,1,1
3800,10,1,1
3802,3,1,1
3805,6,1,1
3807,6,1,1
3808,3,1,0
3809,3,1,1
3814,3,1,1
3821,6,1,1
3823,4,1,1
3825,5,1,1
3826,2,1,1
3827,2,1,1
3828,3,1,1
3829,3,1,0
3831,3,1,1
3832,4,1,1
3833,3,1,1
3834,3,1,1
3835,3,1,0
3836,2,1,1
3839,2,1,1
3840,4,1,1
3841,2,1,0
3842,4,1,0
3844,3,1,1
3852,5,1,1
3856,3,1,1
3877,8,1,0
3878,10,1,1
3879,7,1,1
3880,6,1,0
3881,14,1,0
3882,6,1,0
3883,6,1,0
3895,6,1,1
3897,4,1,1
3898,5,1,1
3899,5,1,1
3900,5,1,1
3902,4,1,1
3903,5,1,1
3904,5,1,1
3905,2,1,1
3906,3,1,1
3907,2,1,1
3908,6,1,1
3909,2,1,1
3911,4,1,1
3916,10,1,1
3917,10,1,1
3922,2,1,1
3928,3,1,1
3929,3,1,1
3961,5,1,1
3963,3,1,1
3966,3,1,1
3967,4,1,0
3970,4,1,0
3974,3,1,1
3978,5,1,1
3980,6,1,1
3993,5,1,1
3994,30,1,0
3995,3,1,1
4001,4,1,1
4011,5,1,1
4018,5,1,1
4033,4,1,1
4034,5,1,0
4037,4,1,1
4048,4,1,0
4052,2,1,1
4074,3,1,1
4093,3,1,1
4096,6,1,1
4097,4,1,1
4108,0,1,1
4110,5,1,0
4114,6,1,1
4137,3,1,1
4142,4,1,1
4143,6,1,1
4165,21,1,1
4166,6,1,0
4172,3,1,1
4180,3,1,1
4182,4,1,1
4186,3,0,0
4225,3,1,1
4232,10,1,1
4243,10,1,1
4246,6,1,1
4263,6,1,0
4264,4,1,0
4265,5,1,1
4266,7,1,0
4267,8,1,0
4268,4,1,0
4269,8,1,1
4312,5,1,0
4313,3,1,1
4314,2,1,1
4315,5,1,1
4316,5,1,0
4369,3,1,1
4384,6,1,1
4385,4,1,1
4386,3,1,0
4387,2,1,1
4409,2,1,1
4410,2,1,1
4412,8,1,0
4416,5,1,0
4417,3,1,1
4418,2,1,1
4419,4,0,0
4420,5,1,1
4421,3,1,1
4422,2,1,1
4423,4,1,1
4424,3,1,1
4425,2,1,1
4426,3,1,0
4427,5,1,1
4428,5,1,1
4445,10,1,0
4448,2,1,1
4453,3,1,1
4460,3,1,1
4465,6,1,1
4467,3,1,1
4473,3,1,1
4474,3,1,1
4489,6,1,1
4502,3,1,1
4510,3,1,1
